label,imageX,imageY,modelX,modelZ
tip,64.500,94.000,0.058390,0.099520
dorsum,90.750,110.500,0.098180,0.110850
root,127.500,66.000,0.130750,0.067320
